Ref,Val,Package,PosX,PosY,Rot,Side
"C65","100n","C_0402_1005Metric",-23.800000,-12.300000,270.000000,bottom
"C67","10u","C_0805_2012Metric",-23.450000,-18.550000,-0.000000,bottom
"R66","R_PHOTO","LED_0805_2012Metric",-24.600000,-15.000000,90.000000,bottom
"R68","1M","R_0402_1005Metric",-22.700000,-12.300000,270.000000,bottom
"SW1","SW_Push_Dual","SW_Push_1P1T_NO_6x6mm_H9.5mm",-17.000000,-14.000000,-0.000000,bottom
"SW2","SW_Push_Dual","SW_Push_1P1T_NO_6x6mm_H9.5mm",17.000000,-14.000000,-0.000000,bottom
